URL,Last crawled
https://www.nextgenlearning.dev/universities/noida-international-university/courses/ma-liberal-arts,2026-01-29
https://www.nextgenlearning.dev/universities/chandigarh-university/courses/msc-industrial-chemistry-microbiology-biotechnology,2026-01-29
https://www.nextgenlearning.dev/universities/galgotias-university/courses/mca-industry-oriented-specialization-in-data-analytics,2026-01-29
https://www.nextgenlearning.dev/universities/galgotias-university/courses/bca-in-industry-oriented-specialization-computer-networks-and-cyber-security,2026-01-29
https://www.nextgenlearning.dev/universities/galgotias-university/courses/btech-in-computer-science-and-engineering-internet-of-things-and-cyber-security-including-block-chain-technology,2026-01-29
https://www.nextgenlearning.dev/universities/chandigarh-university/courses/mpt-specialization-in-ortho,2026-01-28
https://www.nextgenlearning.dev/universities/galgotias-university/courses/mtech-in-computer-science-engineering,2026-01-28
https://www.nextgenlearning.dev/universities/chandigarh-university/courses/m-pharm-pharmaceutical-chemistry,2026-01-28
https://www.nextgenlearning.dev/universities/chandigarh-university/courses/bpt-bachelor-of-physiotherapy-45-years,2026-01-28
https://www.nextgenlearning.dev/universities/noida-international-university/courses/ba-journalism-mass-communication-3-year,2026-01-28
https://www.nextgenlearning.dev/universities/galgotias-university/courses/master-of-physiotherapy-neurology,2026-01-28
https://www.nextgenlearning.dev/universities/sharda-university/courses/master-of-physiotherapy-mpt-orthopaedicsneurologycardiopulmonarysports,2026-01-27
https://www.nextgenlearning.dev/universities/noida-international-university/courses/msc-information-technology,2026-01-27
https://www.nextgenlearning.dev/universities/galgotias-university/courses/btech-in-computer-science-and-engineering-cloud-computing-and-virtualization,2026-01-27
https://www.nextgenlearning.dev/universities/galgotias-university/courses/mba-media-entertainment-management,2026-01-27
https://www.nextgenlearning.dev/universities/chandigarh-university/courses/bba-hons-digital-marketing,2026-01-15
https://www.nextgenlearning.dev/universities/chandigarh-university/courses/be-cse-cloud-computing-lateral-entry,2026-01-14
https://www.nextgenlearning.dev/universities/chandigarh-university/courses/bsc-hons-culinary-sciences,2026-01-11
https://www.nextgenlearning.dev/universities/chandigarh-university/courses/bcom-hons-capital-markets,2026-01-10
https://www.nextgenlearning.dev/universities/galgotias-university/courses/bcom-hons-financial-markets,2026-01-10
https://www.nextgenlearning.dev/universities/sharda-university/courses/bcom-honsresearch,2025-12-31
https://www.nextgenlearning.dev/universities/sharda-university/courses/btech-cse-artificial-intelligence-for-iot-applications-in-association-with-aeris,2025-12-30
https://www.nextgenlearning.dev/universities/noida-international-university/courses/diploma-in-pharmacy,2025-12-23
https://www.nextgenlearning.dev/universities/chandigarh-university/courses/bsc-hons-computer-science-statistics-mathematics,2025-12-22
https://www.nextgenlearning.dev/universities/noida-international-university/courses/btech-in-computer-science-engineering,2025-12-20
https://www.nextgenlearning.dev/universities/galgotias-university/courses/bsc-healthcare-and-hospital-management,2025-12-19
https://www.nextgenlearning.dev/universities/sharda-university/courses/bsc-honsresearch-computational-chemistry,2025-12-18
https://www.nextgenlearning.dev/universities/chandigarh-university/courses/bsc-hons-medical-lab-technology-4-years,2025-12-18
https://www.nextgenlearning.dev/universities/chandigarh-university/courses/mba-data-science-artificial-intelligence,2025-12-13
https://www.nextgenlearning.dev/universities/sharda-university/courses/msc-computer-science,2025-12-12
https://www.nextgenlearning.dev/courses/compare/btech-lateral-cse,2025-12-09
https://www.nextgenlearning.dev/universities/sharda-university/courses/bsc-honsresearch-data-science-and-analytics,2025-11-26
https://www.nextgenlearning.dev/universities/chandigarh-university/courses/bba-hons-health-care-management,2025-11-26
https://www.nextgenlearning.dev/universities/sharda-university/courses/bsc-honsresearch-physics-computational-physics-renewable-energy,2025-11-26
https://www.nextgenlearning.dev/universities/galgotias-university/courses/mtech-in-data-science,2025-11-26
https://www.nextgenlearning.dev/universities/sharda-university/courses/master-of-computer-applications,2025-11-26
https://www.nextgenlearning.dev/universities/galgotias-university/courses/btech-in-computer-science-and-engineering-data-science,2025-11-26
https://www.nextgenlearning.dev/universities/chandigarh-university/courses/bsc-hons-biotechnology,2025-11-26
https://www.nextgenlearning.dev/universities/chandigarh-university/courses/march-masters-of-architecture,2025-11-26
https://www.nextgenlearning.dev/universities/sharda-university/courses/master-of-arts-political-science,2025-11-25
https://www.nextgenlearning.dev/universities/noida-international-university/courses/bba-general-4-year,2025-11-25
https://www.nextgenlearning.dev/universities/sharda-university/courses/btech-lateral-entry-electronics-computer-engg-iot,2025-11-25
https://www.nextgenlearning.dev/universities/galgotias-university/courses/diploma-in-computer-science-engineering-cloud-computing-it-infrastructure,2025-11-25
https://www.nextgenlearning.dev/universities/sharda-university/courses/bsc-in-medical-laboratory-technology-bmlt,2025-11-25
https://www.nextgenlearning.dev/universities/galgotias-university/courses/mba-healthcare-hospital-management,2025-11-24
https://www.nextgenlearning.dev/universities/noida-international-university/courses/ba-llb-hons,2025-11-24
https://www.nextgenlearning.dev/universities/sharda-university/courses/btech-lateral-entry-electronics-computer-engg-ai-and-ml,2025-11-24
https://www.nextgenlearning.dev/universities/sharda-university/courses/btech-lateral-entry-cse-augmented-virtual-reality,2025-11-23
https://www.nextgenlearning.dev/universities/noida-international-university/courses/mfa-paintingsculpture-applied-arts,2025-11-23
https://www.nextgenlearning.dev/universities/sharda-university/courses/bsc-honsresearch-chemistry,2025-11-22
https://www.nextgenlearning.dev/universities/sharda-university/courses/btech-cse-artificial-intelligence-machine-learning,2025-11-17
https://www.nextgenlearning.dev/universities/chandigarh-university/courses/mca-cloud-computing-devops,2025-11-17
https://www.nextgenlearning.dev/universities/sharda-university/courses/btech-cse-block-chain-technology,2025-11-16
https://www.nextgenlearning.dev/universities/sharda-university/courses/master-of-arts-clinical-psychology,2025-11-15
https://www.nextgenlearning.dev/universities/galgotias-university/courses/btech-lateral-entry-biotechnology,2025-11-14
https://www.nextgenlearning.dev/universities/galgotias-university/courses/msc-hort-fruit-science,2025-11-14
https://www.nextgenlearning.dev/guides/mba-india-bangladeshi-students,2025-11-14
https://www.nextgenlearning.dev/universities/sharda-university/courses/ba-honsresearch-sociology,2025-11-14
https://www.nextgenlearning.dev/universities/galgotias-university/courses/mca-industry-oriented-specialization-in-cloud-computing,2025-11-13
https://www.nextgenlearning.dev/2025/09/sharda-university-global-hub-surprising-facts.html?m=1,2025-10-19