Top queries,Clicks,Impressions,CTR,Position
chandigarh university,1,14,7.14%,8.71
noida international university rankings,0,160,0%,10.88
galgotias university nirf ranking,0,85,0%,4.65
galgotias university btech cse total fees 4 years,0,61,0%,7.54
b tech cse cloud computing lateral entry,0,53,0%,43.75
noida international university nirf ranking,0,45,0%,5.02
chandigarh university bsc forensic science fees,0,40,0%,2.02
sharda university nirf ranking,0,39,0%,9.59
chandigarh university bba llb fees,0,36,0%,10.31
noida international university ranking,0,36,0%,11.31
b tech ai and ml lateral entry,0,36,0%,67.25
galgotias university btech cse fees,0,35,0%,7.43
chandigarh university forensic science fees structure,0,30,0%,3.17
sharda university b.tech cse fees,0,29,0%,4.9
galgotias university b.tech cse total fees,0,27,0%,6.89
sharda university b.tech cse total fees,0,25,0%,6.76
galgotias university btech cse total fees,0,25,0%,7.04
sharda university nirf ranking 2025,0,24,0%,6.62
noida international university ranking nirf,0,18,0%,6.17
galgotias university,0,18,0%,7.44
sharda university nirf 2025 engineering rank,0,17,0%,8.29
sharda university nirf 2024 engineering rank,0,17,0%,8.94
galgotias university naac grade,0,17,0%,9
sharda university nirf ranking 2024,0,17,0%,9.71
sharada university india ranking,0,17,0%,13.94
galgotias university courses,0,17,0%,22.59
chandigarh university cyber security fees,0,16,0%,2.56
chandigarh university b com with acca fees,0,15,0%,9.8
bsc forensic science fees in chandigarh university,0,14,0%,1
sharda university btech cse total fees 4 years,0,14,0%,5.36
sharda university greater noida btech cse total fees 4 years,0,14,0%,7.93
sharda university nirf 2024,0,14,0%,9.07
galgotias university nirf ranking 2025 engineering,0,14,0%,9.5
sharda university,0,14,0%,9.5
noida international university ranking in india,0,14,0%,9.86
sharda university nirf 2025 ranking,0,13,0%,8.54
chandigarh university optometry fees,0,13,0%,9.85
nirf ranking galgotias university,0,13,0%,10.69
noida international university world ranking,0,13,0%,10.77
galgotias university b.tech cse fees total,0,12,0%,6.58
galgotias university b.tech cse fees,0,12,0%,7.5
galgotias university msc biotechnology fees,0,11,0%,1
nirf ranking sharda university,0,11,0%,8.91
galgotias university nirf ranking 2025,0,10,0%,9.8
bba llb fees in chandigarh university,0,10,0%,10.8
nirf ranking of sharda university,0,10,0%,10.8
sharda university btech cse fees,0,9,0%,6.78
chandigarh university bcom with acca fees,0,9,0%,9.78
chandigarh university bfa fees,0,9,0%,10.89
chandigarh university msc data science fees,0,9,0%,86.56
galgotias university bsc radiology fees,0,8,0%,10.12
#nextgenlearning,0,8,0%,10.5
sharda university india ranking courses,0,8,0%,20.62
sharda university nirf 2025,0,7,0%,7
chandigarh university nutrition and dietetics fees,0,7,0%,10.14
sharda university m pharm fees,0,7,0%,11
chandigarh university 5 year law fees structure,0,7,0%,12.43
noida international university bpt,0,7,0%,14
sharda university ranking,0,7,0%,41
galgotias nirf ranking,0,6,0%,5
sharda university btech cse total fees,0,6,0%,7
mba in hospital management in chandigarh university fees,0,6,0%,7.83
noida international university,0,6,0%,8.67
galgotias university msc biotechnology,0,6,0%,10.17
sharda university rankings,0,6,0%,32.83
nirf ranking of galgotia university,0,5,0%,1
नोएडा इंटरनेशनल यूनिवर्सिटी,0,5,0%,1
galgotias university nirf ranking in engineering,0,5,0%,2.8
galgotias university nirf ranking engineering,0,5,0%,10.8
b.tech cse cyber security chandigarh,0,5,0%,19
galgotias university radiology fees,0,4,0%,7
chandigarh university fine arts fees,0,4,0%,8.5
sharda university msc biotechnology fees,0,4,0%,9.25
sharda university nirf 2024 ranking,0,4,0%,10
"₹102,000 scholarship",0,4,0%,15.25
best b.tech cse cyber security colleges in chandigarh,0,4,0%,47.5
galgotias university ranking nirf,0,3,0%,1
chandigarh university forensic science fees,0,3,0%,4.67
sharda university bpt fees,0,3,0%,6.33
naac a plus,0,3,0%,7
bsc computer science chandigarh university,0,3,0%,7.33
sharda university naac grade,0,3,0%,7.67
sharda university fees for btech cse,0,3,0%,8.33
chandigarh university naac accreditation,0,3,0%,9.33
galgotias university bsc biotechnology fees,0,3,0%,11.33
sharda university india ranking,0,3,0%,14.33
sharda university b tech cse fees,0,3,0%,15.67
nirf ranking of galgotias university,0,3,0%,18.33
galgotias university artificial intelligence,0,3,0%,34.67
nextgen learning,0,3,0%,35.67
study in india from bangladesh,0,3,0%,55
galgotias university biotechnology fees,0,2,0%,1
bsc forensic science chandigarh university,0,2,0%,5
sharda university bpt course fees,0,2,0%,6
biotechnology,0,2,0%,6.5
nextgenlearning,0,2,0%,7
course comparison,0,2,0%,8.5
sharda university rank in india,0,2,0%,8.5
sharda university nirf,0,2,0%,10
sharda university nirf 2024 rank,0,2,0%,10
master of physiotherapy,0,2,0%,11
compare courses between universities,0,2,0%,11.5
chandigarh university fees ba llb,0,2,0%,12
sharda university placement b tech cse,0,2,0%,14.5
sharda university ranking in india,0,2,0%,22
compare colleges side by side,0,2,0%,22.5
galgotias university btech biotechnology fees,0,2,0%,23.5
chandigarh university naac,0,2,0%,24
galgotias university fees for btech cse 4 years,0,2,0%,25.5
nextgen tech learning,0,2,0%,37
galgotias university bca fees,0,2,0%,38.5
university admission process india,0,2,0%,66.5
acca scholarships in uk,0,2,0%,72.5
cse syllabus chandigarh university,0,2,0%,89
b.sc. in nutrition & dietetics,0,1,0%,1
chandigarh university (cu),0,1,0%,1
galgotias university bpt fees,0,1,0%,1
galgotias university btech fees per semester,0,1,0%,1
galgotias university ranking in india,0,1,0%,1
indian university for bangladeshi students,0,1,0%,1
niu forensic science,0,1,0%,1
scholarship for bangladeshi students in india,0,1,0%,1
sharda university qs ranking,0,1,0%,1
ইন্ডিয়া,0,1,0%,1
nirf,0,1,0%,2
ranking base,0,1,0%,2
delhi,0,1,0%,3
chandigarh university forensic science placement,0,1,0%,4
mba in data science and artificial intelligence chandigarh university,0,1,0%,5
computational mathematics and statistics,0,1,0%,7
cybersecurity,0,1,0%,8
chandigarh university llb 5 years fees,0,1,0%,9
computer science,0,1,0%,9
galgotias btech cse fees,0,1,0%,9
gather documents,0,1,0%,9
nextgen it courses,0,1,0%,9
b.tech cyber security,0,1,0%,10
chandigarh university bsc forensic science,0,1,0%,10
galgotia university,0,1,0%,10
galgotias,0,1,0%,10
galgotias university bmrit fees,0,1,0%,10
galgotias university fees btech 4 years,0,1,0%,10
mba elite,0,1,0%,10
mca galgotias university fees,0,1,0%,10
sharda university ba psychology fees,0,1,0%,10
sharda university nirf ranking engineering,0,1,0%,10
b.tech cse data science college chandigarh,0,1,0%,11
cardiac care technology,0,1,0%,11
noida international university naac grade,0,1,0%,11
b.sc dietician and nutrition college chandigarh,0,1,0%,12
galgotias university (greater noida),0,1,0%,12
galgotias university fees for bsc biotechnology,0,1,0%,12
noida international university b pharma fees,0,1,0%,12
sharda university psychology,0,1,0%,12
बैचलर ऑफ फिजियोथेरेपी (bpt),0,1,0%,12
galgotias naac grade,0,1,0%,13
गलगोटिया यूनिवर्सिटी,0,1,0%,13
courses in galgotias university,0,1,0%,14
sharda university ba fees,0,1,0%,14
sharda university pharm d fees,0,1,0%,14
bba llb chandigarh university,0,1,0%,15
galgotias university accreditation,0,1,0%,16
galgotias fees for btech cse,0,1,0%,18
sharda university accreditation,0,1,0%,19
galgotias university india ranking fees courses 2026,0,1,0%,20
galgotias university cse fees,0,1,0%,21
galgotias university b.tech fees,0,1,0%,22
galgotias university btech,0,1,0%,23
bca hons,0,1,0%,25
galgotias university fees for btech,0,1,0%,25
galgotia university btech fees,0,1,0%,29
galgotias university engineering fees,0,1,0%,30
galgotias university bpt,0,1,0%,32
galgotias college bca fees,0,1,0%,34
top b.tech cse cyber security colleges in chandigarh,0,1,0%,35
university course comparison,0,1,0%,36
compare courses,0,1,0%,43
naac india,0,1,0%,47
scholarships for non-resident students studying in west bengal,0,1,0%,51
top b.tech cse data science colleges in chandigarh,0,1,0%,59
btech cyber security with placement,0,1,0%,63
bca in ui ux design,0,1,0%,68
bca ui ux,0,1,0%,84
compare degrees,0,1,0%,84
uni comparisons,0,1,0%,86
ibm in chandigarh,0,1,0%,95
visa from bangladesh to india,0,1,0%,96